[
  {
    "table_name": "branches",
    "columns": [
      {
        "column_name": "branch_id",
        "data_type": "uuid",
        "is_nullable": "NO",
        "column_default": "gen_random_uuid()"
      },
      {
        "column_name": "branch_name",
        "data_type": "text",
        "is_nullable": "NO",
        "column_default": null
      },
      {
        "column_name": "business_code",
        "data_type": "text",
        "is_nullable": "NO",
        "column_default": null
      },
      {
        "column_name": "is_active",
        "data_type": "boolean",
        "is_nullable": "YES",
        "column_default": "true"
      }
    ]
  },
  {
    "table_name": "business_settings",
    "columns": [
      {
        "column_name": "updated_at",
        "data_type": "timestamp with time zone",
        "is_nullable": "YES",
        "column_default": "now()"
      },
      {
        "column_name": "default_commission_rate",
        "data_type": "numeric",
        "is_nullable": "YES",
        "column_default": "10"
      },
      {
        "column_name": "tax_rate",
        "data_type": "numeric",
        "is_nullable": "YES",
        "column_default": "0"
      },
      {
        "column_name": "business_code_",
        "data_type": "text",
        "is_nullable": "NO",
        "column_default": null
      },
      {
        "column_name": "receipt_header",
        "data_type": "text",
        "is_nullable": "YES",
        "column_default": null
      },
      {
        "column_name": "receipt_footer",
        "data_type": "text",
        "is_nullable": "YES",
        "column_default": null
      },
      {
        "column_name": "tax_enabled",
        "data_type": "boolean",
        "is_nullable": "YES",
        "column_default": "false"
      },
      {
        "column_name": "created_at",
        "data_type": "timestamp with time zone",
        "is_nullable": "YES",
        "column_default": "now()"
      },
      {
        "column_name": "url_logo_of_business",
        "data_type": "text",
        "is_nullable": "YES",
        "column_default": null
      },
      {
        "column_name": "setting_id",
        "data_type": "uuid",
        "is_nullable": "NO",
        "column_default": "gen_random_uuid()"
      },
      {
        "column_name": "loyalty_system_enabled",
        "data_type": "boolean",
        "is_nullable": "YES",
        "column_default": "false"
      },
      {
        "column_name": "extra_tax_monthly_on_vendors",
        "data_type": "numeric",
        "is_nullable": "YES",
        "column_default": "'0'::numeric"
      },
      {
        "column_name": "vendor_commission_enabled",
        "data_type": "boolean",
        "is_nullable": "YES",
        "column_default": "false"
      },
      {
        "column_name": "minimum_commission_amount",
        "data_type": "numeric",
        "is_nullable": "YES",
        "column_default": "0"
      }
    ]
  },
  {
    "table_name": "cash_tracking",
    "columns": [
      {
        "column_name": "new_total_cash",
        "data_type": "numeric",
        "is_nullable": "YES",
        "column_default": "0"
      },
      {
        "column_name": "business_code",
        "data_type": "text",
        "is_nullable": "NO",
        "column_default": null
      },
      {
        "column_name": "total_returns",
        "data_type": "numeric",
        "is_nullable": "YES",
        "column_default": "0"
      },
      {
        "column_name": "business_branch_name",
        "data_type": "text",
        "is_nullable": "NO",
        "column_default": null
      },
      {
        "column_name": "created_at",
        "data_type": "timestamp with time zone",
        "is_nullable": "YES",
        "column_default": "now()"
      },
      {
        "column_name": "cash_change_reason",
        "data_type": "text",
        "is_nullable": "YES",
        "column_default": null
      },
      {
        "column_name": "cash_additions",
        "data_type": "numeric",
        "is_nullable": "YES",
        "column_default": "0"
      },
      {
        "column_name": "transaction_date",
        "data_type": "date",
        "is_nullable": "NO",
        "column_default": null
      },
      {
        "column_name": "cash_removals",
        "data_type": "numeric",
        "is_nullable": "YES",
        "column_default": "0"
      },
      {
        "column_name": "tracking_id",
        "data_type": "text",
        "is_nullable": "NO",
        "column_default": null
      },
      {
        "column_name": "cashier_name",
        "data_type": "text",
        "is_nullable": "YES",
        "column_default": null
      },
      {
        "column_name": "previous_total_cash",
        "data_type": "numeric",
        "is_nullable": "YES",
        "column_default": "0"
      }
    ]
  },
  {
    "table_name": "coupons",
    "columns": [
      {
        "column_name": "discount_value",
        "data_type": "numeric",
        "is_nullable": "NO",
        "column_default": null
      },
      {
        "column_name": "min_purchase_amount",
        "data_type": "numeric",
        "is_nullable": "YES",
        "column_default": "0"
      },
      {
        "column_name": "coupon_code",
        "data_type": "text",
        "is_nullable": "NO",
        "column_default": null
      },
      {
        "column_name": "created_at",
        "data_type": "timestamp with time zone",
        "is_nullable": "YES",
        "column_default": "now()"
      },
      {
        "column_name": "expiry_date",
        "data_type": "date",
        "is_nullable": "YES",
        "column_default": null
      },
      {
        "column_name": "is_active",
        "data_type": "boolean",
        "is_nullable": "YES",
        "column_default": "true"
      },
      {
        "column_name": "discount_type",
        "data_type": "text",
        "is_nullable": "NO",
        "column_default": null
      },
      {
        "column_name": "max_purchase_amount",
        "data_type": "numeric",
        "is_nullable": "YES",
        "column_default": "0"
      },
      {
        "column_name": "coupon_id",
        "data_type": "uuid",
        "is_nullable": "NO",
        "column_default": null
      },
      {
        "column_name": "number_of_uses",
        "data_type": "integer",
        "is_nullable": "YES",
        "column_default": "0"
      },
      {
        "column_name": "max_uses",
        "data_type": "integer",
        "is_nullable": "YES",
        "column_default": "0"
      },
      {
        "column_name": "business_code",
        "data_type": "text",
        "is_nullable": "NO",
        "column_default": null
      }
    ]
  },
  {
    "table_name": "customers",
    "columns": [
      {
        "column_name": "last_order",
        "data_type": "timestamp with time zone",
        "is_nullable": "YES",
        "column_default": null
      },
      {
        "column_name": "business_code",
        "data_type": "text",
        "is_nullable": "NO",
        "column_default": null
      },
      {
        "column_name": "customer_name",
        "data_type": "text",
        "is_nullable": "NO",
        "column_default": null
      },
      {
        "column_name": "number_of_orders",
        "data_type": "integer",
        "is_nullable": "YES",
        "column_default": "0"
      },
      {
        "column_name": "customer_id",
        "data_type": "uuid",
        "is_nullable": "NO",
        "column_default": "gen_random_uuid()"
      },
      {
        "column_name": "phone_number",
        "data_type": "text",
        "is_nullable": "NO",
        "column_default": null
      }
    ]
  },
  {
    "table_name": "monthly_tax_history",
    "columns": [
      {
        "column_name": "created_at",
        "data_type": "timestamp with time zone",
        "is_nullable": "NO",
        "column_default": "now()"
      },
      {
        "column_name": "vendor_business_name",
        "data_type": "text",
        "is_nullable": "YES",
        "column_default": null
      },
      {
        "column_name": "updated_at",
        "data_type": "timestamp with time zone",
        "is_nullable": "NO",
        "column_default": "now()"
      },
      {
        "column_name": "branch_name",
        "data_type": "text",
        "is_nullable": "NO",
        "column_default": null
      },
      {
        "column_name": "owner_business_code",
        "data_type": "text",
        "is_nullable": "NO",
        "column_default": null
      },
      {
        "column_name": "tax_amount",
        "data_type": "numeric",
        "is_nullable": "NO",
        "column_default": "0"
      },
      {
        "column_name": "vendor_business_code",
        "data_type": "text",
        "is_nullable": "NO",
        "column_default": null
      },
      {
        "column_name": "year",
        "data_type": "integer",
        "is_nullable": "NO",
        "column_default": null
      },
      {
        "column_name": "payment_status",
        "data_type": "USER-DEFINED",
        "is_nullable": "NO",
        "column_default": "'pending'::tax_payment_status"
      },
      {
        "column_name": "id",
        "data_type": "bigint",
        "is_nullable": "NO",
        "column_default": "nextval('monthly_tax_history_id_seq'::regclass)"
      },
      {
        "column_name": "month",
        "data_type": "integer",
        "is_nullable": "NO",
        "column_default": null
      }
    ]
  },
  {
    "table_name": "products",
    "columns": [
      {
        "column_name": "date_of_creation",
        "data_type": "timestamp without time zone",
        "is_nullable": "NO",
        "column_default": "CURRENT_TIMESTAMP"
      },
      {
        "column_name": "business_name_of_product",
        "data_type": "text",
        "is_nullable": "YES",
        "column_default": null
      },
      {
        "column_name": "product_name",
        "data_type": "text",
        "is_nullable": "NO",
        "column_default": null
      },
      {
        "column_name": "date_of_acception_or_rejection",
        "data_type": "timestamp without time zone",
        "is_nullable": "YES",
        "column_default": null
      },
      {
        "column_name": "price",
        "data_type": "numeric",
        "is_nullable": "NO",
        "column_default": null
      },
      {
        "column_name": "trackable",
        "data_type": "boolean",
        "is_nullable": "NO",
        "column_default": null
      },
      {
        "column_name": "quantity",
        "data_type": "integer",
        "is_nullable": "NO",
        "column_default": null
      },
      {
        "column_name": "business_code_of_owner",
        "data_type": "text",
        "is_nullable": "NO",
        "column_default": null
      },
      {
        "column_name": "description",
        "data_type": "text",
        "is_nullable": "YES",
        "column_default": null
      },
      {
        "column_name": "image_url",
        "data_type": "text",
        "is_nullable": "YES",
        "column_default": null
      },
      {
        "column_name": "product_id",
        "data_type": "integer",
        "is_nullable": "NO",
        "column_default": "nextval('products_product_id_seq'::regclass)"
      },
      {
        "column_name": "rejection_reason",
        "data_type": "text",
        "is_nullable": "YES",
        "column_default": null
      },
      {
        "column_name": "branch_name",
        "data_type": "text",
        "is_nullable": "NO",
        "column_default": null
      },
      {
        "column_name": "type",
        "data_type": "text",
        "is_nullable": "NO",
        "column_default": null
      },
      {
        "column_name": "accepted",
        "data_type": "boolean",
        "is_nullable": "NO",
        "column_default": null
      },
      {
        "column_name": "expiry_date",
        "data_type": "date",
        "is_nullable": "YES",
        "column_default": null
      },
      {
        "column_name": "barcode",
        "data_type": "text",
        "is_nullable": "NO",
        "column_default": null
      },
      {
        "column_name": "production_date",
        "data_type": "date",
        "is_nullable": "YES",
        "column_default": null
      },
      {
        "column_name": "business_code_if_vendor",
        "data_type": "text",
        "is_nullable": "YES",
        "column_default": null
      },
      {
        "column_name": "current_page",
        "data_type": "text",
        "is_nullable": "NO",
        "column_default": null
      }
    ]
  },
  {
    "table_name": "profiles",
    "columns": [
      {
        "column_name": "phone_number",
        "data_type": "numeric",
        "is_nullable": "YES",
        "column_default": null
      },
      {
        "column_name": "user_id",
        "data_type": "uuid",
        "is_nullable": "NO",
        "column_default": null
      },
      {
        "column_name": "working_status",
        "data_type": "text",
        "is_nullable": "YES",
        "column_default": null
      },
      {
        "column_name": "role",
        "data_type": "text",
        "is_nullable": "YES",
        "column_default": null
      },
      {
        "column_name": "full_name",
        "data_type": "text",
        "is_nullable": "YES",
        "column_default": null
      },
      {
        "column_name": "salary",
        "data_type": "numeric",
        "is_nullable": "YES",
        "column_default": null
      },
      {
        "column_name": "business_name",
        "data_type": "text",
        "is_nullable": "YES",
        "column_default": null
      },
      {
        "column_name": "created_at",
        "data_type": "timestamp with time zone",
        "is_nullable": "YES",
        "column_default": "now()"
      },
      {
        "column_name": "is_vendor",
        "data_type": "boolean",
        "is_nullable": "YES",
        "column_default": "false"
      },
      {
        "column_name": "main_branch",
        "data_type": "text",
        "is_nullable": "YES",
        "column_default": null
      },
      {
        "column_name": "id",
        "data_type": "uuid",
        "is_nullable": "NO",
        "column_default": "gen_random_uuid()"
      },
      {
        "column_name": "vendor_business _name",
        "data_type": "text",
        "is_nullable": "YES",
        "column_default": null
      },
      {
        "column_name": "his_email",
        "data_type": "text",
        "is_nullable": "YES",
        "column_default": null
      },
      {
        "column_name": "business_code",
        "data_type": "text",
        "is_nullable": "YES",
        "column_default": null
      }
    ]
  },
  {
    "table_name": "receipts",
    "columns": [
      {
        "column_name": "is_return",
        "data_type": "boolean",
        "is_nullable": "YES",
        "column_default": "false"
      },
      {
        "column_name": "long_text_receipt",
        "data_type": "text",
        "is_nullable": "YES",
        "column_default": null
      },
      {
        "column_name": "transaction_id",
        "data_type": "text",
        "is_nullable": "NO",
        "column_default": null
      },
      {
        "column_name": "receipt_date",
        "data_type": "timestamp with time zone",
        "is_nullable": "YES",
        "column_default": "now()"
      },
      {
        "column_name": "discount",
        "data_type": "numeric",
        "is_nullable": "YES",
        "column_default": "0"
      },
      {
        "column_name": "receipt_note",
        "data_type": "text",
        "is_nullable": "YES",
        "column_default": null
      },
      {
        "column_name": "return_reason",
        "data_type": "text",
        "is_nullable": "YES",
        "column_default": null
      },
      {
        "column_name": "coupon_code",
        "data_type": "text",
        "is_nullable": "YES",
        "column_default": null
      },
      {
        "column_name": "cashier_name",
        "data_type": "text",
        "is_nullable": "NO",
        "column_default": null
      },
      {
        "column_name": "tax_amount",
        "data_type": "numeric",
        "is_nullable": "YES",
        "column_default": "0"
      },
      {
        "column_name": "vendor_commission_enabled",
        "data_type": "boolean",
        "is_nullable": "YES",
        "column_default": "false"
      },
      {
        "column_name": "created_at",
        "data_type": "timestamp with time zone",
        "is_nullable": "YES",
        "column_default": "now()"
      },
      {
        "column_name": "total_amount",
        "data_type": "numeric",
        "is_nullable": "NO",
        "column_default": null
      },
      {
        "column_name": "customer_name",
        "data_type": "text",
        "is_nullable": "YES",
        "column_default": null
      },
      {
        "column_name": "receipt_id",
        "data_type": "text",
        "is_nullable": "NO",
        "column_default": null
      },
      {
        "column_name": "branch_name",
        "data_type": "text",
        "is_nullable": "NO",
        "column_default": null
      },
      {
        "column_name": "customer_phone",
        "data_type": "text",
        "is_nullable": "YES",
        "column_default": null
      },
      {
        "column_name": "payment_method",
        "data_type": "text",
        "is_nullable": "NO",
        "column_default": null
      },
      {
        "column_name": "commission_amount_from_vendors",
        "data_type": "numeric",
        "is_nullable": "YES",
        "column_default": "0"
      },
      {
        "column_name": "business_code",
        "data_type": "text",
        "is_nullable": "NO",
        "column_default": null
      }
    ]
  },
  {
    "table_name": "sold_products",
    "columns": [
      {
        "column_name": "business_bracnh_name",
        "data_type": "text",
        "is_nullable": "NO",
        "column_default": null
      },
      {
        "column_name": "tax_on_product",
        "data_type": "numeric",
        "is_nullable": "YES",
        "column_default": "'0'::numeric"
      },
      {
        "column_name": "vendor_code_if_by_vendor",
        "data_type": "text",
        "is_nullable": "YES",
        "column_default": null
      },
      {
        "column_name": "business_code",
        "data_type": "text",
        "is_nullable": "NO",
        "column_default": null
      },
      {
        "column_name": "comission_for_bussnies_from_vendor",
        "data_type": "numeric",
        "is_nullable": "YES",
        "column_default": null
      },
      {
        "column_name": "created_at",
        "data_type": "timestamp with time zone",
        "is_nullable": "YES",
        "column_default": "now()"
      },
      {
        "column_name": "receipt_id",
        "data_type": "text",
        "is_nullable": "NO",
        "column_default": null
      },
      {
        "column_name": "product_name",
        "data_type": "text",
        "is_nullable": "NO",
        "column_default": null
      },
      {
        "column_name": "sold_product_id",
        "data_type": "text",
        "is_nullable": "NO",
        "column_default": null
      },
      {
        "column_name": "unit_price_original",
        "data_type": "numeric",
        "is_nullable": "NO",
        "column_default": null
      },
      {
        "column_name": "unit_price_by_bussniess",
        "data_type": "numeric",
        "is_nullable": "YES",
        "column_default": null
      },
      {
        "column_name": "quantity",
        "data_type": "integer",
        "is_nullable": "NO",
        "column_default": null
      },
      {
        "column_name": "total_price",
        "data_type": "numeric",
        "is_nullable": "NO",
        "column_default": null
      }
    ]
  },
  {
    "table_name": "transactions_overall",
    "columns": [
      {
        "column_name": "vendor_name",
        "data_type": "text",
        "is_nullable": "YES",
        "column_default": null
      },
      {
        "column_name": "vendor_code",
        "data_type": "text",
        "is_nullable": "YES",
        "column_default": null
      },
      {
        "column_name": "business_code",
        "data_type": "text",
        "is_nullable": "NO",
        "column_default": null
      },
      {
        "column_name": "business_name",
        "data_type": "text",
        "is_nullable": "NO",
        "column_default": null
      },
      {
        "column_name": "amount",
        "data_type": "numeric",
        "is_nullable": "NO",
        "column_default": null
      },
      {
        "column_name": "transaction_date",
        "data_type": "timestamp with time zone",
        "is_nullable": "YES",
        "column_default": "now()"
      },
      {
        "column_name": "owner_profit_from_this_transcation",
        "data_type": "numeric",
        "is_nullable": "YES",
        "column_default": null
      },
      {
        "column_name": "transaction_type",
        "data_type": "text",
        "is_nullable": "NO",
        "column_default": null
      },
      {
        "column_name": "branch_name",
        "data_type": "text",
        "is_nullable": "NO",
        "column_default": null
      },
      {
        "column_name": "transaction_reason",
        "data_type": "text",
        "is_nullable": "YES",
        "column_default": null
      },
      {
        "column_name": "details",
        "data_type": "jsonb",
        "is_nullable": "YES",
        "column_default": null
      },
      {
        "column_name": "transaction_id",
        "data_type": "uuid",
        "is_nullable": "NO",
        "column_default": "gen_random_uuid()"
      },
      {
        "column_name": "currency",
        "data_type": "text",
        "is_nullable": "YES",
        "column_default": "'OMR'::text"
      },
      {
        "column_name": "payment_method",
        "data_type": "text",
        "is_nullable": "NO",
        "column_default": null
      }
    ]
  },
  {
    "table_name": "vendor_assignments",
    "columns": [
      {
        "column_name": "owner_business_code",
        "data_type": "text",
        "is_nullable": "NO",
        "column_default": null
      },
      {
        "column_name": "owner_business_name",
        "data_type": "text",
        "is_nullable": "NO",
        "column_default": null
      },
      {
        "column_name": "assignment_id",
        "data_type": "integer",
        "is_nullable": "NO",
        "column_default": "nextval('vendor_assignments_assignment_id_seq'::regclass)"
      },
      {
        "column_name": "vendor_email_identifier",
        "data_type": "text",
        "is_nullable": "NO",
        "column_default": null
      },
      {
        "column_name": "date_of_assignment",
        "data_type": "timestamp without time zone",
        "is_nullable": "NO",
        "column_default": "CURRENT_TIMESTAMP"
      },
      {
        "column_name": "branch_name",
        "data_type": "text",
        "is_nullable": "NO",
        "column_default": null
      },
      {
        "column_name": "vendor_business_code",
        "data_type": "text",
        "is_nullable": "NO",
        "column_default": null
      }
    ]
  },
  {
    "table_name": "vendor_rentals",
    "columns": [
      {
        "column_name": "rent_amount",
        "data_type": "numeric",
        "is_nullable": "YES",
        "column_default": "'0'::numeric"
      },
      {
        "column_name": "vendor_business_name",
        "data_type": "text",
        "is_nullable": "YES",
        "column_default": null
      },
      {
        "column_name": "vendor_business_code",
        "data_type": "text",
        "is_nullable": "YES",
        "column_default": null
      },
      {
        "column_name": "created_at",
        "data_type": "timestamp with time zone",
        "is_nullable": "YES",
        "column_default": "now()"
      },
      {
        "column_name": "branch_name",
        "data_type": "text",
        "is_nullable": "YES",
        "column_default": null
      },
      {
        "column_name": "space_name",
        "data_type": "text",
        "is_nullable": "YES",
        "column_default": null
      },
      {
        "column_name": "owner_business_code",
        "data_type": "text",
        "is_nullable": "YES",
        "column_default": null
      },
      {
        "column_name": "rental_id",
        "data_type": "integer",
        "is_nullable": "NO",
        "column_default": "nextval('vendor_rentals_rental_id_seq'::regclass)"
      }
    ]
  },
  {
    "table_name": "vendor_rentals_history",
    "columns": [
      {
        "column_name": "month",
        "data_type": "integer",
        "is_nullable": "NO",
        "column_default": null
      },
      {
        "column_name": "owner_business_code",
        "data_type": "text",
        "is_nullable": "NO",
        "column_default": null
      },
      {
        "column_name": "branch_name",
        "data_type": "text",
        "is_nullable": "NO",
        "column_default": null
      },
      {
        "column_name": "created_at",
        "data_type": "timestamp with time zone",
        "is_nullable": "NO",
        "column_default": "now()"
      },
      {
        "column_name": "payment_status",
        "data_type": "USER-DEFINED",
        "is_nullable": "NO",
        "column_default": "'pending'::tax_payment_status"
      },
      {
        "column_name": "updated_at",
        "data_type": "timestamp with time zone",
        "is_nullable": "NO",
        "column_default": "now()"
      },
      {
        "column_name": "vendor_business_code",
        "data_type": "text",
        "is_nullable": "NO",
        "column_default": null
      },
      {
        "column_name": "tax_amount",
        "data_type": "numeric",
        "is_nullable": "NO",
        "column_default": "0"
      },
      {
        "column_name": "id",
        "data_type": "bigint",
        "is_nullable": "NO",
        "column_default": null
      },
      {
        "column_name": "vendor_business_name",
        "data_type": "text",
        "is_nullable": "YES",
        "column_default": null
      },
      {
        "column_name": "year",
        "data_type": "integer",
        "is_nullable": "NO",
        "column_default": null
      }
    ]
  },
  {
    "table_name": "vendor_transactions",
    "columns": [
      {
        "column_name": "business_code",
        "data_type": "text",
        "is_nullable": "NO",
        "column_default": null
      },
      {
        "column_name": "profit",
        "data_type": "numeric",
        "is_nullable": "NO",
        "column_default": null
      },
      {
        "column_name": "product_name",
        "data_type": "text",
        "is_nullable": "YES",
        "column_default": null
      },
      {
        "column_name": "product_quantity",
        "data_type": "integer",
        "is_nullable": "YES",
        "column_default": null
      },
      {
        "column_name": "business_name",
        "data_type": "text",
        "is_nullable": "NO",
        "column_default": null
      },
      {
        "column_name": "unit_price",
        "data_type": "numeric",
        "is_nullable": "YES",
        "column_default": null
      },
      {
        "column_name": "transaction_date",
        "data_type": "date",
        "is_nullable": "NO",
        "column_default": null
      },
      {
        "column_name": "notes",
        "data_type": "text",
        "is_nullable": "YES",
        "column_default": null
      },
      {
        "column_name": "rental_end_date",
        "data_type": "date",
        "is_nullable": "YES",
        "column_default": null
      },
      {
        "column_name": "branch_name",
        "data_type": "text",
        "is_nullable": "NO",
        "column_default": null
      },
      {
        "column_name": "tax_period",
        "data_type": "text",
        "is_nullable": "YES",
        "column_default": null
      },
      {
        "column_name": "vendor_name",
        "data_type": "text",
        "is_nullable": "NO",
        "column_default": null
      },
      {
        "column_name": "rental_start_date",
        "data_type": "date",
        "is_nullable": "YES",
        "column_default": null
      },
      {
        "column_name": "amount",
        "data_type": "numeric",
        "is_nullable": "NO",
        "column_default": null
      },
      {
        "column_name": "vendor_code",
        "data_type": "text",
        "is_nullable": "NO",
        "column_default": null
      },
      {
        "column_name": "accumulated_profit",
        "data_type": "numeric",
        "is_nullable": "YES",
        "column_default": "0"
      },
      {
        "column_name": "status",
        "data_type": "text",
        "is_nullable": "YES",
        "column_default": "'completed'::text"
      },
      {
        "column_name": "created_at",
        "data_type": "timestamp with time zone",
        "is_nullable": "YES",
        "column_default": "now()"
      },
      {
        "column_name": "rental_period",
        "data_type": "text",
        "is_nullable": "YES",
        "column_default": null
      },
      {
        "column_name": "tax_description",
        "data_type": "text",
        "is_nullable": "YES",
        "column_default": null
      },
      {
        "column_name": "transaction_id",
        "data_type": "text",
        "is_nullable": "NO",
        "column_default": null
      },
      {
        "column_name": "total_price",
        "data_type": "numeric",
        "is_nullable": "YES",
        "column_default": null
      },
      {
        "column_name": "transaction_type",
        "data_type": "text",
        "is_nullable": "NO",
        "column_default": null
      }
    ]
  }
]